sample	chrom	reg_start	reg_end	reg_pos	lg_pd_mean	pd_mean	first_pos_start	last_pos_end	reg_reads	pos_cov_mean	pos_len_mean	pos_len_sum	reg_len	chrom_len	p_expected	p_observed	fold_enrichment	log_ratio	p_value
sv.3m1_S136	CAXWAE020000001.1	0	6605000	29	4.965	92257.14271547628	62772	5421633	64	2.206896551724138	151.82758620689654	4403	6605000	6605000	0.0029667552179242	0.0004375905359729	0.147498025226068	-0.831213794188617	1.0
sv.3m1_S136	CAXWAE020000002.1	0	6197419	19	4.6817	48050.73110898137	2355701	5785647	47	2.473684210526316	57.31578947368421	1089	6197419	6197419	0.0027836828396537	0.0002866972477064	0.1029920663454911	-0.9871962284509356	1.0
